Ano base,UF,Classe Substância Mineral,Substância Mineral,Quantidade (litros) Garrafão,Quantidade (litros) Garrafa Plástica,Quantidade (litros) Garrafa de Vidro,Quantidade (litros) Copo,Quantidade (litros) Outras Embalagens,Valor (R$) Garrafão,Valor (R$) Garrafa Plástica,Valor (R$) Garrafa de Vidro,Valor (R$) Copo,Valor (R$) Outras Embalagens,Quantidade (litros) Composição Produtos Industrializados,Valor (R$) Composição Produtos Industrializados,Unidade de Medida
2010,AC,Água,Água,38315345.0,1309740.0,0.0,0.0,0.0,3023041.51,893805.05,0.0,0.0,0.0,0.0,0.0,l
2010,AL,Água,Água,114247245.0,40200141.39,0.0,6278109.2,0.0,17827642.93,32721765.87,0.0,3546006.93,0.0,0.0,0.0,l
2010,AM,Água,Água,123936416.0,19768794.2,0.0,297157.2,29610990.0,14123668.35,18215888.9,0.0,348790.9,8729111.7,32588811.0,13404.47,l
2010,AP,Água,Água,9218676.0,1132581.0,0.0,1981246.72,32586.0,608503.83,93490.15,0.0,129542.9,2172.4,0.0,0.0,l
2010,BA,Água,Água,367148670.0,73497479.32,0.0,9850320.0,0.0,29279716.74,61025058.46,0.0,5329528.41,0.0,1086434191.0,24465852.29,l
2010,CE,Água,Água,201107722.48,56164705.36,0.0,1523257.96,799808.0,27919926.27,53592698.54,0.0,1931356.26,257740.8,78185.0,39055.0,l
2010,DF,Água,Água,58672428.0,3900725.0,0.0,1290919.4,638755.0,8127135.75,3208126.53,0.0,1408452.45,281052.2,2.1,0.12,l
2010,ES,Água,Água,66745716.67,16758796.61,64564.32,247764.8,0.0,3786662.78,10635748.13,108119.11,242661.73,0.0,0.0,0.0,l
2010,GO,Água,Água,80797293.39,38222324.59,0.0,5850920.6,3891171.0,26804397.17,23621309.44,0.0,3323700.0,2723819.7,0.0,0.0,l
2010,MA,Água,Água,43095370.0,17778004.46,0.0,1655888.0,385015.32,6707311.01,20792095.1,0.0,1435540.5,629069.17,0.0,0.0,l
2010,MG,Água,Água,220207274.68,140812220.47,3509814.4,2986418.16,757788.0,19658343.28,126718345.33,5034615.22,3091596.6,370965.88,241904.8,17587.13,l
2010,MS,Água,Água,20260747.0,9003356.1,0.0,798401.2,174815.0,3043678.23,9275840.33,0.0,350747.27,87407.5,0.0,0.0,l
2010,MT,Água,Água,159402669.84,21163290.32,0.0,2504238.0,0.0,21521849.29,19742243.09,0.0,2234500.39,0.0,0.0,0.0,l
2010,PA,Água,Água,270897954.96,28291875.94,0.0,1169020.0,0.0,14684433.78,15382064.12,0.0,627364.96,0.0,0.0,0.0,l
2010,PB,Água,Água,67762407.0,9330406.0,0.0,364628.0,0.0,8638177.11,9379864.46,0.0,442700.83,0.0,9641896.0,36420573.56,l
2010,PE,Água,Água,901929156.6,18298231.8,245143.2,429324.1,83490.0,66703015.63,13920200.9,192432.62,352588.0,3733.74,490870000.0,63813.1,l
2010,PI,Água,Água,20427760.0,2768478.0,0.0,548600.8,0.0,1783898.46,2222977.25,0.0,571057.28,0.0,0.0,0.0,l
2010,PR,Água,Água,157382041.94,37947230.02,1243332.0,6446859.63,300608.07,26702157.81,28280935.23,1310559.58,3463810.12,238814.52,1724439.0,3406889.7,l
2010,RJ,Água,Água,349610393.6,81739463.44,566091.0,13461604.4,3947018.0,17786059.28,47432244.36,177646.0,3028518.18,154286.24,0.0,0.0,l
2010,RN,Água,Água,166521503.0,4695186.95,0.0,827740.77,0.0,7185919.51,5414780.58,0.0,632429.89,0.0,0.0,0.0,l
2010,RO,Água,Água,101158152.0,9050980.96,0.0,890495.8,0.0,10379235.84,7140167.02,0.0,682219.56,0.0,0.0,0.0,l
2010,RR,Água,Água,3306611.0,47968.0,0.0,0.0,869284.44,883438.05,397571.95,0.0,0.0,152124.8,0.0,0.0,l
2010,RS,Água,Água,154599773.81,129146424.11,354732.0,3025262.0,7815652.0,32301146.71,118968636.56,382352.24,3649167.44,347363.42,0.0,0.0,l
2010,SC,Água,Água,94522244.36,22145712.64,3048.0,669897.2,2246380.0,14167133.46,13012250.56,1983.92,633621.57,1030787.38,0.0,0.0,l
2010,SE,Água,Água,66678162.54,13904168.13,0.0,2041772.55,0.0,8501127.64,8819619.66,0.0,2066515.35,0.0,0.0,0.0,l
2010,SP,Água,Água,596796008.18,476075311.5,7041258.0,26409781.05,3861621.7,62748841.83,416518100.43,8062460.2,25610360.9,4068074.19,858270198.7,15375502.84,l
2010,TO,Água,Água,25281660.0,2294146.74,0.0,217742.4,27050.0,1876461.14,1813996.55,0.0,203162.08,13418.0,0.0,0.0,l
2011,AC,Água,Água,56025347.6,77196.0,0.0,0.0,0.0,3618790.98,68881.84,0.0,0.0,0.0,0.0,0.0,l
2011,AL,Água,Água,167394793.2,39507613.24,0.0,5315412.8,0.0,22259781.96,31933077.75,0.0,2966630.43,0.0,0.0,0.0,l
2011,AM,Água,Água,130172794.0,22907274.0,0.0,498158.0,30678705.0,17204810.13,25373779.84,0.0,587783.85,8455964.1,30500571.0,12545.56,l
2011,AP,Água,Água,7026590.0,1544881.2,0.0,1084728.4,0.0,650846.61,112704.34,0.0,69284.32,0.0,0.0,0.0,l
2011,BA,Água,Água,475569486.44,72131338.21,0.0,8988940.4,31095.0,39770792.6,49321720.38,0.0,3320677.91,27807.05,1241966097.32,27382287.6,l
2011,CE,Água,Água,247942109.67,61853496.54,0.0,2109331.6,1241705.0,32832678.4,51023350.65,0.0,2258795.17,565707.11,0.0,0.0,l
2011,DF,Água,Água,60820958.6,4217620.0,0.0,851650.2,861493.0,9111563.85,2327032.38,0.0,977056.81,470212.42,0.0,0.0,l
2011,ES,Água,Água,63924241.0,12813200.38,92093.0,476634.52,0.0,3156197.26,10729400.73,181396.26,492942.7,0.0,0.0,0.0,l
2011,GO,Água,Água,102471424.95,30854630.44,0.0,1279188.32,6173588.0,23109433.2,14502039.2,0.0,1134373.52,4929664.5,56198869.0,104413.14,l
2011,MA,Água,Água,52222510.0,14567992.2,0.0,1333498.4,86059.92,8099235.73,15294737.22,0.0,1678949.28,67104.0,84067561.4,62955.73,l
2011,MG,Água,Água,176946583.24,169953874.91,3369101.0,3486401.1,834965.0,16062433.29,139701238.19,6973569.04,3308667.39,610834.97,296413.45,20748.25,l
2011,MS,Água,Água,26081670.0,8032430.35,0.0,381433.44,224620.0,2964484.53,8975055.77,0.0,348279.61,117761.0,9033144.95,4373059.2,l
2011,MT,Água,Água,182522629.2,23465160.4,0.0,2335858.4,0.0,24051690.86,21631949.63,0.0,2230249.81,0.0,0.0,0.0,l
2011,PA,Água,Água,245205884.0,31353410.52,0.0,1342101.8,0.0,14761093.73,17131669.25,0.0,962178.08,0.0,859736000.0,116801.5,l
2011,PB,Água,Água,98066645.0,11268992.0,0.0,559234.17,0.0,9330769.1,10656772.62,0.0,557140.26,0.0,66362961.0,23147320.35,l
2011,PE,Água,Água,971119135.12,13497370.43,299673.6,551172.0,0.0,69904529.33,8037885.3,246759.5,419383.39,0.0,1174731272.49,149096.93,l
2011,PI,Água,Água,21504280.0,2991744.0,0.0,509635.0,0.0,1937646.39,2327788.07,0.0,506595.53,0.0,0.0,0.0,l
2011,PR,Água,Água,156739407.0,34119456.68,1160544.0,4674770.4,364651.0,47635239.68,35424081.01,1221215.64,4356127.09,335129.9,62767.69,6276771.16,l
2011,RJ,Água,Água,359158676.31,78125650.44,301332.0,4373731.4,23360311.79,18376148.97,49485986.27,87888.5,2268143.54,281965.44,5377155.3,93640.03,l
2011,RN,Água,Água,205250855.0,6394835.0,0.0,728307.6,0.0,11137064.85,4389905.32,0.0,942018.54,0.0,0.0,0.0,l
2011,RO,Água,Água,122002324.0,10516742.46,0.0,871983.6,0.0,11563929.52,8838267.08,0.0,710693.72,0.0,0.0,0.0,l
2011,RR,Água,Água,4200884.0,1624338.68,0.0,0.0,106873.2,973165.0,369669.81,0.0,0.0,18702.72,0.0,0.0,l
2011,RS,Água,Água,160707462.25,139456549.25,332148.0,3180641.0,6128190.0,36032831.93,132164277.61,388833.14,3846110.56,253711.0,51780580.4,65500.01,l
2011,SC,Água,Água,119902168.33,30689059.95,4223.0,815426.63,2293156.18,20080675.48,18201212.18,5215.66,836384.72,1152911.88,0.0,0.0,l
2011,SE,Água,Água,78570498.26,9877235.48,0.0,1384086.0,0.0,11082343.17,7442492.48,0.0,1176090.77,0.0,0.0,0.0,l
2011,SP,Água,Água,664664260.63,471532936.34,6646147.25,28463817.06,2005861.5,71033362.21,403665357.16,6849057.73,25171561.25,1102040.03,484814862.66,16335274.89,l
2011,TO,Água,Água,20361705.0,2093667.84,0.0,160970.8,0.0,1862385.58,1730492.03,0.0,137459.06,0.0,0.0,0.0,l
2012,AC,Água,Água,58700125.9,4721729.1,0.0,0.0,0.0,3432136.33,946144.32,0.0,0.0,0.0,0.0,0.0,l
2012,AL,Água,Água,148824207.0,50811064.7,0.0,4607350.28,0.0,22770057.23,37892823.37,0.0,3651623.69,0.0,0.0,0.0,l
2012,AM,Água,Água,127277181.0,25831142.9,0.0,605795.2,29561110.0,15175518.33,20801959.74,0.0,579025.62,8737386.75,33918337.0,13951.37,l
2012,AP,Água,Água,10166677.22,1583111.4,0.0,1196433.0,0.0,1218671.59,113349.8,0.0,80362.8,0.0,0.0,0.0,l
2012,BA,Água,Água,546315438.94,82118961.15,0.0,9482160.59,27316.3,45922435.1,60626582.75,0.0,5647909.48,27804.0,1151293609.5,32901087.1,l
2012,CE,Água,Água,380889595.78,71983466.36,197591.99,1804712.12,1448303.0,41002818.55,60168207.52,163392.0,2334185.33,561221.27,0.0,0.0,l
2012,DF,Água,Água,61617863.42,1858324.0,0.0,635441.2,1072209.0,9276511.75,1573796.13,0.0,757369.06,558764.06,0.0,0.0,l
2012,ES,Água,Água,70507789.0,9797649.83,137281.8,579142.0,17066503.0,4243023.53,9090382.98,361662.6,553862.64,239774.24,0.0,0.0,l
2012,GO,Água,Água,112916168.86,34740549.01,0.0,2152723.26,6895303.2,21508358.75,19907553.76,0.0,2307803.98,2881502.92,50543857.1,1206836.74,l
2012,MA,Água,Água,66600120.0,15178922.88,0.0,1530273.2,119577.6,10536721.65,15259481.46,0.0,1896999.86,96226.73,128245594.0,76497.56,l
2012,MG,Água,Água,213878294.05,184952764.65,3134619.0,4316762.84,2225780.0,20262481.37,178563598.21,3539785.12,4280367.03,1596241.91,271118.03,19037.3,l
2012,MS,Água,Água,31190836.4,10238176.38,0.0,641744.56,641683.0,3278266.16,12532498.27,0.0,581769.95,299843.34,11851935.5,5768337.02,l
2012,MT,Água,Água,204379895.88,26620566.71,0.0,2904574.8,0.0,29458880.94,25110804.42,0.0,2828077.46,0.0,0.0,0.0,l
2012,PA,Água,Água,256917170.22,35429192.88,0.0,1563644.6,0.0,16439362.83,18336101.58,0.0,1332158.69,0.0,803001000.0,116862.73,l
2012,PB,Água,Água,132672780.0,11953548.0,0.0,639320.17,0.0,11971940.81,10953644.61,0.0,396040.26,0.0,66362961.0,23147320.35,l
2012,PE,Água,Água,901189961.66,20868530.77,300254.4,913373.01,0.0,77966684.37,12151871.65,246958.87,556696.31,0.0,1109024784.0,146016.27,l
2012,PI,Água,Água,22733790.97,4885781.0,0.0,1029586.0,0.0,2317497.58,3528912.49,0.0,948813.79,0.0,0.0,0.0,l
2012,PR,Água,Água,166286000.2,37406710.29,1174332.0,4486227.97,252492.0,33854244.09,40023300.12,1311551.98,4506119.26,262591.68,31782172.0,17053182.18,l
2012,RJ,Água,Água,470129188.4,70746374.15,206808.0,6100224.28,8747899.0,26300364.83,38547888.5,60319.0,3111901.76,365448.34,7078200.0,50999.15,l
2012,RN,Água,Água,258259982.0,10634592.8,0.0,1370931.2,0.0,12647739.94,8097951.62,0.0,1268075.93,0.0,0.0,0.0,l
2012,RO,Água,Água,132514100.0,12639767.28,0.0,934403.4,0.0,12219456.25,11075469.77,0.0,955550.22,0.0,0.0,0.0,l
2012,RR,Água,Água,3869932.0,2539186.6,0.0,0.0,0.0,978784.0,487877.57,0.0,0.0,0.0,0.0,0.0,l
2012,RS,Água,Água,171697390.8,171711044.01,289908.0,3079156.8,13086.0,37016552.09,175673509.93,501788.56,4224711.15,2181.0,68169763.4,66912.18,l
2012,SC,Água,Água,146840342.37,36608096.45,17205.7,1179459.8,2249904.0,24900180.0,24637547.08,22266.98,1203351.61,1196637.53,0.0,0.0,l
2012,SE,Água,Água,140487316.6,15811401.42,0.0,3771137.24,0.0,18906397.19,14639501.77,0.0,3387807.57,0.0,0.0,0.0,l
2012,SP,Água,Água,669266411.17,532380070.65,6910918.92,26374961.41,1725695.63,80271391.56,526833190.88,10585747.94,23927983.55,1552271.59,172221135.0,16619377.46,l
2012,TO,Água,Água,27463740.0,3131368.0,0.0,177484.4,0.0,2590251.24,2651693.19,0.0,157611.93,0.0,0.0,0.0,l
2013,AC,Água,Água,61885893.8,3305409.2,0.0,0.0,0.0,4187132.69,841039.52,0.0,0.0,0.0,0.0,0.0,l
2013,AL,Água,Água,202052488.0,51402849.47,0.0,5576394.87,579233.56,21180469.14,40511842.28,0.0,2980630.48,2271719.81,0.0,0.0,l
2013,AM,Água,Água,136355440.0,25587754.5,0.0,652585.8,33248220.0,12650603.57,24572244.21,0.0,424814.69,1624426.59,28577350.0,10207.16,l
2013,AP,Água,Água,27422351.0,2726977.88,0.0,1890993.2,0.0,2427787.66,529144.85,0.0,241233.82,0.0,0.0,0.0,l
2013,BA,Água,Água,452351967.79,83617080.92,0.0,8664323.84,0.0,40696486.43,70531656.96,0.0,6183750.77,0.0,1172823793.22,23613824.08,l
2013,CE,Água,Água,339300854.0,62500506.53,0.0,1544395.46,1767810.0,48623075.24,65073514.79,0.0,2104944.93,795907.55,0.0,0.0,l
2013,DF,Água,Água,80050509.61,5008265.18,0.0,1288871.26,335458.06,11856133.54,2677312.21,0.0,1105641.21,236334.4,79265978.64,68436039.14,l
2013,ES,Água,Água,67208158.0,13041012.76,171811.92,534729.6,0.0,3281730.52,8354117.61,214586.42,279395.51,0.0,0.0,0.0,l
2013,GO,Água,Água,123620310.22,53440001.2,7772138.0,3706128.4,672902.0,26842849.78,36390905.14,6988977.78,3171661.89,2112312.72,36092131.4,11328286.0,l
2013,MA,Água,Água,78206920.0,16179530.32,0.0,1461653.0,8549.16,13178418.9,15399830.57,0.0,1868923.44,2564.75,130526238.2,68450.61,l
2013,MG,Água,Água,197921363.0,174630231.09,400813.33,3731013.72,784363.0,24690742.35,176701113.64,821230.57,4056044.1,344097.68,404247.56,28993.54,l
2013,MS,Água,Água,34609351.4,11320806.79,0.0,702015.06,535453.2,3962967.98,12706339.28,0.0,681572.21,296110.69,12702821.0,12702.82,l
2013,MT,Água,Água,200132745.36,29042249.28,0.0,2415774.4,0.0,30491473.73,28634976.67,0.0,2516475.75,0.0,0.0,0.0,l
2013,PA,Água,Água,261009247.2,38208936.72,0.0,4763543.36,0.0,27584376.33,26046998.41,0.0,4828538.39,0.0,774588000.0,94981.53,l
2013,PB,Água,Água,201964900.0,15604540.56,0.0,3118489.2,0.0,18040596.17,15277524.56,0.0,910251.99,0.0,79265978.64,28535699.14,l
2013,PE,Água,Água,926304621.85,36058702.68,268327.2,3692323.4,0.0,83848369.47,22619758.49,240888.27,2775478.26,0.0,987175940.0,144620.78,l
2013,PI,Água,Água,28122620.0,8047609.0,0.0,1193202.0,0.0,2857278.62,6930242.26,0.0,1512970.78,0.0,1736784.0,1860915.08,l
2013,PR,Água,Água,141214420.69,32782211.05,951000.0,4162508.3,278728.0,27789131.57,38897801.34,1162664.7,4063176.15,460480.96,47101868.0,6389020.2,l
2013,RJ,Água,Água,376051357.52,79370464.44,161988.0,5421862.4,17644080.0,22354725.93,52357226.51,47246.5,3253153.17,179761.52,7290600.5,44150.11,l
2013,RN,Água,Água,319103993.0,12913443.8,0.0,1206200.2,0.0,15859573.46,10930001.68,0.0,1203740.84,0.0,0.0,0.0,l
2013,RO,Água,Água,143221579.0,12649801.29,0.0,1166175.09,0.0,14449606.79,12595306.01,0.0,1069223.65,0.0,0.0,0.0,l
2013,RR,Água,Água,4915690.0,60418.2,0.0,0.0,2941702.56,908913.96,62086.0,0.0,0.0,514797.91,0.0,0.0,l
2013,RS,Água,Água,146897723.75,187313470.3,316983.0,3549563.73,44196.0,36850811.42,183273395.25,495900.86,4202741.49,17670.0,206093309.0,69068.11,l
2013,SC,Água,Água,149804270.44,39235205.03,25799.0,1513327.9,2321264.0,27082097.64,28758932.22,29763.28,1711718.72,1202255.82,1546000.0,1878519.0,l
2013,SE,Água,Água,173055007.0,18350625.34,0.0,3758721.64,0.0,51375225.28,19023535.46,0.0,3926207.72,0.0,0.0,0.0,l
2013,SP,Água,Água,704406824.09,640954021.58,6889389.72,28223394.6,5567029.37,96727043.69,534611809.2,13762757.93,24035981.37,3703572.62,194569325.85,20864622.92,l
2013,TO,Água,Água,34410100.0,3341666.8,0.0,167856.0,0.0,2911627.85,2729749.45,0.0,143483.52,0.0,0.0,0.0,l
2014,AC,Água,Água,60381346.8,3431039.2,0.0,0.0,0.0,4454639.12,680257.79,0.0,0.0,0.0,0.0,0.0,l
2014,AL,Água,Água,239543996.0,53034980.04,0.0,4694722.88,0.0,23203636.99,49563891.53,0.0,5302754.26,0.0,0.0,0.0,l
2014,AM,Água,Água,156629424.0,28987826.5,0.0,675459.4,9963960.0,14306598.62,25165814.55,0.0,993989.06,1431781.23,27917108.0,11482.93,l
2014,AP,Água,Água,22919022.0,329516.0,0.0,30969.6,0.0,2573019.98,1120770.33,0.0,46123.48,0.0,0.0,0.0,l
2014,BA,Água,Água,559906385.58,95985880.68,0.0,8848742.43,0.0,46881929.17,76991065.74,0.0,5793798.29,0.0,1201091869.32,183318.27,l
2014,CE,Água,Água,342389189.9,29240427.0,0.0,1491522.16,982312.0,52226734.99,26406934.61,0.0,2021144.24,442429.5,0.0,0.0,l
2014,DF,Água,Água,61865607.6,2017412.95,0.0,632720.11,332283.0,10224420.05,2317430.31,0.0,860741.59,186000.9,0.0,0.0,l
2014,ES,Água,Água,76440170.0,12931890.32,182807.0,556197.2,0.0,3953237.0,9107395.36,261287.36,332243.53,0.0,0.0,0.0,l
2014,GO,Água,Água,131306635.99,55718371.42,0.0,2774021.0,8594403.0,28927882.59,45362979.38,0.0,2439376.84,7468727.13,67141987.3,34022407.22,l
2014,MA,Água,Água,81202218.4,21405028.54,0.0,1566250.2,494700.0,12611771.81,22972759.35,0.0,1924987.08,378915.0,64648011.2,40483.54,l
2014,MG,Água,Água,209852265.52,191985932.12,566401.0,5968107.13,1021834.0,26961106.51,170145022.21,1113371.0,5623351.94,386219.66,726128.34,57976.22,l
2014,MS,Água,Água,42468229.6,11628102.19,0.0,619704.24,671657.0,5492091.15,11725856.41,0.0,623587.31,415216.03,13095795.82,13226.75,l
2014,MT,Água,Água,222698275.88,32124469.63,0.0,2596294.6,0.0,33609865.97,34463459.2,0.0,2967082.22,0.0,0.0,0.0,l
2014,PA,Água,Água,228946489.76,40020697.8,0.0,2529161.88,0.0,21230893.45,22150185.78,0.0,1670237.36,0.0,646389000.0,80877.0,l
2014,PB,Água,Água,225859876.0,24073235.96,0.0,1064668.53,0.0,18887664.1,18175131.08,0.0,1787764.52,0.0,87957093.0,40693630.34,l
2014,PE,Água,Água,846344270.24,15438232.6,262555.2,922421.65,504540.55,75241422.26,12294320.56,224409.25,892161.7,82592.43,769564333.84,159172.46,l
2014,PI,Água,Água,27827660.0,9775880.0,0.0,745941.0,0.0,3292159.93,11500506.85,0.0,1032022.01,0.0,0.0,0.0,l
2014,PR,Água,Água,136982679.74,40178062.59,771996.0,3935552.8,111261.6,27456813.97,42513843.98,998830.02,3910576.42,455639.38,53636653.8,5095234.06,l
2014,RJ,Água,Água,205819433.31,99054097.36,0.0,4111166.6,4110800.0,25922884.87,68431114.57,0.0,3844561.16,189251.5,7356011.0,40550.77,l
2014,RN,Água,Água,321412991.33,8768082.48,0.0,1344371.44,0.0,18369952.09,12859033.79,0.0,1515819.89,0.0,0.0,0.0,l
2014,RO,Água,Água,137405687.0,15482143.0,0.0,1173228.6,0.0,14527714.28,13636151.76,0.0,1262308.33,0.0,0.0,0.0,l
2014,RR,Água,Água,6608436.91,3533017.48,0.0,0.0,0.0,1694269.57,3764883.45,0.0,0.0,0.0,0.0,0.0,l
2014,RS,Água,Água,150906360.89,223639603.68,230820.0,3502487.69,47227.5,37736103.08,245790175.8,401759.6,5208757.91,16144.5,76043298.1,42912.1,l
2014,SC,Água,Água,182812996.0,46503393.78,15504.0,2078385.32,2806108.0,35283968.35,35620018.49,22464.46,2303401.35,1507200.08,1297257.6,1803748.8,l
2014,SE,Água,Água,162928150.0,19131522.12,0.0,5429804.8,0.0,25478624.74,16375235.96,0.0,3362521.69,0.0,2180159.88,2955521.99,l
2014,SP,Água,Água,674590765.81,869260634.47,7359242.8,34490197.4,6805040.03,93731039.49,657376694.73,7512296.11,30492548.98,9077341.94,160532975.0,17812816.05,l
2014,TO,Água,Água,31407604.0,2651438.0,0.0,193621.2,0.0,2363083.51,2153057.49,0.0,164865.22,0.0,0.0,0.0,l
2015,AC,Água,Água,67989416.0,1139537.0,0.0,0.0,0.0,5005492.81,545524.75,0.0,0.0,0.0,0.0,0.0,l
2015,AL,Água,Água,265317290.8,63627869.09,0.0,2864226.8,0.0,21963262.91,82030829.92,0.0,3689345.32,0.0,0.0,0.0,l
2015,AM,Água,Água,189548757.0,36401747.04,0.0,1662365.4,0.0,17472379.42,29914885.36,0.0,1354914.63,0.0,27602331.0,11328.74,l
2015,AP,Água,Água,62178820.0,15046097.8,0.0,66730.0,0.0,2063433.21,916535.84,0.0,52435.53,0.0,0.0,0.0,l
2015,BA,Água,Água,703177758.0,112005793.34,0.0,9991716.0,0.0,63700412.75,96451619.63,0.0,7899073.79,0.0,1299768661.5,62787040.03,l
2015,CE,Água,Água,413544603.2,40719773.08,0.0,1338270.42,0.0,62223330.49,44239973.73,0.0,2429646.43,0.0,13193168.0,4590823.59,l
2015,DF,Água,Água,54294076.29,18264375.62,0.0,852608.92,0.0,11143901.53,5246789.9,0.0,750126.02,0.0,0.0,0.0,l
2015,ES,Água,Água,96741035.0,16101191.28,197905.0,491739.0,0.0,6535209.33,13306841.1,462559.81,429674.5,0.0,0.0,0.0,l
2015,GO,Água,Água,134192416.0,53264903.5,0.0,1859958.0,4103885.0,28924754.57,54526061.13,0.0,1832831.52,4107849.52,19852610.3,75427.35,l
2015,MA,Água,Água,75564400.0,15405052.82,0.0,720661.8,759366.0,10054495.36,18653761.97,0.0,1053740.87,547488.68,17892282.7,37082.49,l
2015,MG,Água,Água,231104159.72,167954960.89,549648.2,6476807.72,2831912.0,30157635.75,153590522.84,677217.83,6308976.76,1005053.6,651036.2,65735.59,l
2015,MS,Água,Água,36805100.0,7076625.06,0.0,677871.13,680619.64,5373492.33,7677875.73,0.0,616196.24,412945.99,9262165.16,9262.18,l
2015,MT,Água,Água,232690362.04,34176484.42,0.0,2418560.08,0.0,96945947.09,33098906.68,0.0,2617837.28,0.0,28977.39,899036.91,l
2015,PA,Água,Água,191521764.62,35308349.22,0.0,1582226.8,0.0,18951628.85,21374869.5,0.0,895153.35,0.0,610856000.0,202945.36,l
2015,PB,Água,Água,243609443.2,50806192.26,0.0,1776600.49,471.0,20282495.27,36497609.53,0.0,2278857.69,367.0,64174461.0,49393597.69,l
2015,PE,Água,Água,742071808.69,21365348.53,269990.4,5963247.45,2645292.0,78617979.6,19449692.86,237488.87,4679402.26,975396.0,578780563.5,826923.3,l
2015,PI,Água,Água,30426920.0,5154349.7,0.0,564439.2,0.0,3860138.67,4610155.33,0.0,839272.13,0.0,0.0,0.0,l
2015,PR,Água,Água,137494611.77,54105551.86,770004.0,5236428.04,25225.2,29378386.83,57480609.5,1055200.21,5421150.47,39424.98,55410225.0,4241871.61,l
2015,RJ,Água,Água,203931867.77,111887714.0,0.0,3351363.4,6983900.0,26901124.62,120452355.75,0.0,3474098.33,183356.5,7112433.0,35599.63,l
2015,RN,Água,Água,410883419.0,24182667.1,0.0,1462761.6,0.0,22378730.41,23279561.46,0.0,1462117.28,0.0,0.0,0.0,l
2015,RO,Água,Água,155416530.6,16196705.35,0.0,1088620.76,0.0,17939224.61,15848013.23,0.0,1149329.48,0.0,0.0,0.0,l
2015,RR,Água,Água,7383880.0,3227148.44,0.0,27550.08,0.0,2187724.76,3838637.9,0.0,70043.0,0.0,0.0,0.0,l
2015,RS,Água,Água,168660093.88,213330184.77,215100.01,3534201.78,50334.0,40699420.67,235043820.29,287482.36,4991931.44,52025.43,67954096.5,102004.17,l
2015,SC,Água,Água,189491329.0,46325208.98,31621.0,1665431.33,2556148.0,37734902.17,36980995.79,44747.24,2027004.82,1420198.62,932580.0,852470.0,l
2015,SE,Água,Água,163000700.0,16079325.73,0.0,3195492.2,0.0,26397109.82,15719662.66,0.0,2640178.0,0.0,0.0,0.0,l
2015,SP,Água,Água,875437050.3,929571483.58,7324770.28,37224934.92,26916300.83,121327277.6,704734026.82,9916937.43,32439041.56,20658571.57,121218218.8,23118147.96,l
2015,TO,Água,Água,31227756.21,3169340.93,0.0,104511.39,717.0,2605165.57,2733565.79,0.0,90090.28,2054.72,0.0,0.0,l
2016,AC,Água,Água,46003802.0,978445.0,0.0,0.0,0.0,3260827.42,625447.9,0.0,0.0,0.0,0.0,0.0,l
2016,AL,Água,Água,282637274.4,84213620.0,0.0,1779157.0,0.0,24078648.24,101551431.93,0.0,2491290.25,0.0,0.0,0.0,l
2016,AM,Água,Água,192247732.0,34293612.98,0.0,1388689.0,0.0,14092009.39,28801220.59,0.0,1266539.63,0.0,27602331.0,11328.74,l
2016,AP,Água,Água,69232388.0,15297226.0,0.0,42230.4,0.0,2729372.9,1259288.93,0.0,57931.31,0.0,0.0,0.0,l
2016,BA,Água,Água,602046191.15,136325280.8,0.0,9192480.4,168772.0,63256970.0,101431011.02,0.0,7379714.04,136785.06,706942178.06,87403728.37,l
2016,CE,Água,Água,543553015.03,65616347.12,0.0,1439313.7,0.0,82200274.85,69912126.98,0.0,2628765.57,0.0,54072513.23,62448404.26,l
2016,DF,Água,Água,59211337.26,10153181.28,0.0,487761.82,0.0,10938891.65,7036791.88,0.0,713764.09,0.0,0.0,0.0,l
2016,ES,Água,Água,78917664.33,12591885.41,196655.0,475881.8,180.0,6142686.09,12107675.11,673765.36,538252.55,42.0,0.0,0.0,l
2016,GO,Água,Água,119368528.46,51917531.42,0.0,1613905.8,7998347.5,23946568.66,35352189.51,0.0,2086500.44,2031492.8,25430570.38,186767.94,l
2016,MA,Água,Água,97279060.0,13754217.4,0.0,721431.0,811872.0,11162523.3,26359288.94,0.0,1076926.28,572770.38,85891616.6,66529.85,l
2016,MG,Água,Água,224901341.5,174950172.79,399720.6,6742307.47,3659913.04,30356679.79,161486437.7,339252.72,5616409.56,1839130.76,572918.82,57294.55,l
2016,MS,Água,Água,31773281.0,7754616.92,0.0,519273.1,856407.0,5095304.83,8929519.93,0.0,528513.44,561732.04,9805862.4,9805.87,l
2016,MT,Água,Água,952838284.4,26779386.27,0.0,2102867.6,4022509.0,55139910.74,29266229.58,0.0,2743050.87,6777112.72,0.0,0.0,l
2016,PA,Água,Água,198194225.19,38122314.77,0.0,1973075.6,944803.56,22036213.13,24871640.63,0.0,2077345.23,0.0,242183000.0,151821.53,l
2016,PB,Água,Água,261140654.0,47475927.24,0.0,845548.2,0.0,23563049.71,28333935.78,0.0,1687178.58,0.0,110695961.26,99052216.94,l
2016,PE,Água,Água,632249866.72,28124844.04,267420.0,966755.84,2487751.0,63292623.36,28618817.52,235385.29,1282731.28,1024943.43,356696132.1,212824.43,l
2016,PI,Água,Água,21945542.0,379042.0,0.0,2119.0,0.0,2510166.11,350856.84,0.0,27481.37,0.0,0.0,0.0,l
2016,PR,Água,Água,123511430.86,52648315.35,860400.0,25242662.42,0.0,28164788.06,60828617.76,1059671.66,5915586.59,0.0,53356250.0,3836209.69,l
2016,RJ,Água,Água,164818556.16,110906181.27,0.0,3142628.32,323854.0,24249033.62,89838926.07,0.0,4929857.16,152702.62,5491375.5,31159.38,l
2016,RN,Água,Água,383838755.0,40051598.0,0.0,2223845.8,0.0,20898677.12,27306455.29,0.0,923811.92,0.0,0.0,0.0,l
2016,RO,Água,Água,125053710.4,14128789.0,0.0,1122374.0,0.0,15749770.39,13311475.67,0.0,1182333.71,0.0,0.0,0.0,l
2016,RR,Água,Água,5292640.0,2794741.64,0.0,27550.08,0.0,1653488.72,3662767.82,0.0,70043.0,0.0,0.0,0.0,l
2016,RS,Água,Água,164216633.23,227282265.58,124860.03,3631292.0,227255.0,41072418.82,259391280.91,142660.0,5102299.28,65175.68,96572655.0,59834.53,l
2016,SC,Água,Água,193779279.22,52129373.92,39948.0,1843387.19,2112688.0,38602105.82,40953153.0,50280.34,2217351.9,1226661.3,1153840.72,1855327.38,l
2016,SE,Água,Água,162673010.0,46050342.41,0.0,1329146.2,0.0,27107370.87,14588608.55,0.0,2881028.42,0.0,0.0,0.0,l
2016,SP,Água,Água,796951126.67,899694306.67,5960290.0,36358962.65,28175372.21,115957564.34,913173441.49,14133666.81,42824916.33,40175988.98,200228316.0,35265854.39,l
2016,TO,Água,Água,38106540.0,3729282.92,0.0,325574.4,0.0,2880978.64,3127736.3,0.0,283981.15,0.0,0.0,0.0,l
2017,AC,Água,Água,39728693.2,804094.0,0.0,0.0,0.0,3201784.42,517906.95,0.0,0.0,0.0,0.0,0.0,l
2017,AL,Água,Água,303809562.16,86903631.66,0.0,14474821.16,0.0,19830295.7,95267127.22,0.0,1527703.57,0.0,0.0,0.0,l
2017,AM,Água,Água,188754400.94,31763608.48,0.0,1301004.2,0.0,21773485.25,31314497.52,0.0,1604018.61,0.0,35891553.0,2519576.19,l
2017,AP,Água,Água,46203480.0,2541813.4,0.0,42030.8,0.0,2650654.52,3659623.59,0.0,66466.08,0.0,0.0,0.0,l
2017,BA,Água,Água,624053787.86,130729147.27,0.0,8600433.6,216640.0,54093346.5,92247249.75,0.0,6498849.75,172950.27,622644322.98,76272258.85,l
2017,CE,Água,Água,488678520.76,59794651.22,0.0,1402015.4,140052.0,75406492.47,58744651.85,0.0,2410317.31,96635.88,55603286.0,69712929.15,l
2017,DF,Água,Água,55812487.72,3793127.71,0.0,412848.89,66723.0,8731902.73,3028148.38,0.0,579439.56,61190.0,0.0,0.0,l
2017,ES,Água,Água,60657972.89,15781435.64,169075.0,453045.12,361.5,6046361.14,16648777.98,668697.38,593670.54,1414.05,0.0,0.0,l
2017,GO,Água,Água,197454733.42,66471108.6,0.0,1695755.2,11540360.0,39307368.53,51346256.39,0.0,2180370.49,60204.56,53395988.4,618240.55,l
2017,MA,Água,Água,207426790.0,18840346.36,0.0,794822.4,10085.0,22045637.65,22375963.98,0.0,1108448.86,8267.37,73499557.4,185535.92,l
2017,MG,Água,Água,235679223.27,187442202.13,494487.05,5140655.66,3562458.0,37704979.98,165790418.99,594023.5,4809010.27,1855559.54,458138.55,67871.19,l
2017,MS,Água,Água,31524368.0,8378655.04,0.0,370597.2,790135.0,5081958.75,10529229.24,0.0,547990.65,636907.05,10310677.37,10310.67,l
2017,MT,Água,Água,261129421.37,34656674.25,0.0,2156954.83,0.0,44573847.97,39107002.22,0.0,2804505.26,0.0,0.0,0.0,l
2017,PA,Água,Água,183034926.24,30176864.77,0.0,1839873.76,0.0,21430362.19,21516177.27,0.0,1331470.67,0.0,317194513.23,62831117.94,l
2017,PB,Água,Água,259758374.0,52657644.2,0.0,1367552.6,0.0,28402797.82,29135975.45,0.0,1570981.11,0.0,95485518.0,60296959.7,l
2017,PE,Água,Água,746762267.41,38375851.17,254944.8,1552166.17,0.0,67464718.55,38266941.6,221728.52,1638402.73,0.0,330336871.8,470846.0,l
2017,PI,Água,Água,29572425.0,4157951.24,0.0,260084.93,0.0,3778055.43,3793454.35,0.0,467207.39,0.0,0.0,0.0,l
2017,PR,Água,Água,136961930.83,56223855.81,651288.0,4506033.04,0.0,34119169.74,68489906.74,1023510.05,5985381.14,0.0,53141938.45,3918304.74,l
2017,RJ,Água,Água,292427464.84,72306263.48,0.0,3506019.0,31598.0,41870057.9,83140827.17,0.0,6038841.54,40172.76,0.0,0.0,l
2017,RN,Água,Água,493434673.25,36814563.4,0.0,2512804.6,0.0,33789634.92,21383888.13,0.0,1786902.79,0.0,27049340.0,1764825.75,l
2017,RO,Água,Água,114174307.78,11962871.39,0.0,1245366.05,0.0,14559303.07,11322196.38,0.0,1373529.44,0.0,0.0,0.0,l
2017,RR,Água,Água,4646900.0,2602669.59,0.0,17779.2,0.0,1473263.61,3547627.45,0.0,42488.64,0.0,0.0,0.0,l
2017,RS,Água,Água,133553143.11,195488868.71,0.0,3419418.0,263085.0,45560865.75,228815211.82,0.0,4806496.62,146858.83,135154785.0,744271.31,l
2017,SC,Água,Água,187920701.29,58835675.84,73668.0,1998166.82,2381220.0,37574228.99,53748550.72,89444.98,2615494.7,1159509.32,63473.0,183641.97,l
2017,SE,Água,Água,176662850.0,21324474.1,0.0,2297684.4,335890.0,58123333.46,16386498.59,0.0,2272788.11,67178.0,0.0,0.0,l
2017,SP,Água,Água,800667435.77,908179967.32,6675704.12,35728680.28,3758540.99,142977962.53,755854742.49,18912048.92,34236359.95,6327741.24,215107689.61,48588390.82,l
2017,TO,Água,Água,37408820.0,4063297.58,0.0,215193.6,0.0,2919888.89,3469961.78,0.0,194608.83,0.0,0.0,0.0,l
2018,AC,Água,Água,50197484.0,1087862.0,0.0,0.0,0.0,4615003.57,1012020.67,0.0,0.0,0.0,0.0,0.0,l
2018,AL,Água,Água,300412773.62,96732511.0,0.0,1273743.4,0.0,17595171.02,125535145.2,0.0,1341950.58,0.0,838739.3,838739.3,l
2018,AM,Água,Água,209921816.0,33451780.36,0.0,1247225.4,0.0,25120807.42,34787256.95,0.0,1672751.33,0.0,31888770.0,2731552.55,l
2018,AP,Água,Água,27151172.4,1723568.54,0.0,28680.0,0.0,3264599.45,2692391.31,0.0,45786.39,0.0,0.0,0.0,l
2018,BA,Água,Água,753880088.0,183969434.38,0.0,12850153.82,553160.83,61156268.36,145263344.46,0.0,6928284.85,413395.7,96153444.64,73013534.34,l
2018,CE,Água,Água,531773236.0,61484478.82,0.0,1315676.87,0.0,87148910.12,56082191.62,0.0,2202163.14,0.0,64298711.13,74175031.54,l
2018,DF,Água,Água,49734934.92,2509259.25,165.0,3648140.23,18690.0,7705399.47,2396614.15,202.5,186288.86,700.0,0.0,0.0,l
2018,ES,Água,Água,66300038.3,18895477.32,164601.0,738501.7,0.0,8086586.36,22553520.83,844990.72,1115041.97,0.0,0.0,0.0,l
2018,GO,Água,Água,183202394.5,79337977.94,0.0,1156986.1,21139015.0,38184806.86,59324619.77,0.0,1853062.83,4625249.84,33054003.8,2010989.37,l
2018,MA,Água,Água,241415939.41,21600872.64,0.0,705071.2,43270.0,21932370.41,24817113.39,0.0,1013685.23,350232.0,66656662.2,2708702.54,l
2018,MG,Água,Água,301466900.76,177246443.81,358435.0,3848012.72,4547323.0,43712816.32,144937685.95,553397.68,5461691.56,1840120.64,612190.06,88772.81,l
2018,MS,Água,Água,31671042.29,7715258.2,0.0,362169.6,905170.0,5800537.85,11001592.49,0.0,534446.81,766015.18,14514324.87,461473.35,l
2018,MT,Água,Água,239951582.91,39650713.29,0.0,2551749.76,0.0,41029298.07,47838582.87,0.0,4499511.71,0.0,12869976.2,3248158.98,l
2018,PA,Água,Água,209306905.17,26969948.55,0.0,2030848.1,0.0,23082717.25,20721434.34,0.0,1656262.53,0.0,294078000.0,1609374.24,l
2018,PB,Água,Água,226377659.26,46114415.38,0.0,1848233.4,0.0,17929612.69,26770544.28,0.0,1988131.19,0.0,111834726.0,80839724.89,l
2018,PE,Água,Água,746379964.06,54801602.12,166670.4,1740485.08,0.0,68303946.06,47279136.72,147385.42,1685142.98,0.0,387113284.0,1396749.28,l
2018,PI,Água,Água,25985437.0,651839.24,0.0,2267.33,0.0,3062554.9,691711.26,0.0,29405.07,0.0,0.0,0.0,l
2018,PR,Água,Água,144287247.94,73265460.63,508800.0,4275627.62,0.0,30860851.95,91529291.3,819144.47,6132462.27,0.0,55331627.25,3793944.54,l
2018,RJ,Água,Água,328790725.08,117834447.88,0.0,4943793.62,484934.44,40577870.22,163133832.62,0.0,7622557.71,744000.27,1014354.0,86638.56,l
2018,RN,Água,Água,470832848.75,34362978.4,0.0,1933179.0,0.0,37699425.46,24237174.66,0.0,1623598.59,0.0,0.0,0.0,l
2018,RO,Água,Água,115036868.88,14888429.18,0.0,1111285.6,2755.0,14688683.63,14501432.95,0.0,849708.99,1653.0,401052.08,146359.26,l
2018,RR,Água,Água,3901860.0,2959069.89,0.0,21653.04,0.0,1215285.8,4168569.71,0.0,52513.73,0.0,0.0,0.0,l
2018,RS,Água,Água,132521830.85,186751040.58,0.0,3202773.4,591115.0,42168910.89,223932839.83,0.0,5253903.85,202228.15,27890115.2,1226186.41,l
2018,SC,Água,Água,184141193.72,73467012.31,99390.0,2273844.39,0.0,36986943.33,68266206.34,131147.44,3127845.73,0.0,4734758.4,1784230.61,l
2018,SE,Água,Água,181380732.58,15876879.94,0.0,1952270.0,2358000.0,32281943.85,17579385.77,0.0,3029681.69,471600.0,0.0,0.0,l
2018,SP,Água,Água,771737252.63,926021183.07,7254472.36,27264419.27,5661892.38,161716858.51,974695586.83,22243412.94,30943791.49,7544867.77,207526425.97,66214864.21,l
2018,TO,Água,Água,26270140.0,1590991.0,0.0,339705.6,0.0,2072673.3,1488182.28,0.0,399225.94,0.0,0.0,0.0,l
2019,AC,Água,Água,45996725.2,1191349.0,0.0,0.0,0.0,4676996.41,1009859.04,0.0,0.0,0.0,0.0,0.0,l
2019,AL,Água,Água,225349136.39,103121937.16,0.0,597639.0,0.0,19582601.18,144847063.69,0.0,790549.3,0.0,0.0,0.0,l
2019,AM,Água,Água,238613276.0,38971812.72,0.0,1402442.2,0.0,33017245.76,43671555.86,0.0,1766456.75,0.0,38793421.0,3326711.48,l
2019,AP,Água,Água,40948294.08,1339589.39,0.0,32169.6,0.0,3017003.28,2128002.69,0.0,54924.12,0.0,0.0,0.0,l
2019,BA,Água,Água,871301071.86,150974215.76,0.0,7873093.74,2342020.0,53588085.66,118904094.71,0.0,6432166.21,87703.29,16610658.01,54566914.12,l
2019,CE,Água,Água,565855449.2,64330692.67,0.0,26765637.47,102948.0,92310187.87,58149632.64,0.0,2165020.27,52537.36,64367427.13,74212787.54,l
2019,DF,Água,Água,67887929.32,8345724.1,0.0,545502.72,29837.0,16830381.3,6796847.13,0.0,682564.31,20363.77,643478.0,726448.55,l
2019,ES,Água,Água,62973757.41,19306840.65,139654.0,803510.91,4788.0,7863178.95,23129551.85,719817.09,1290154.76,3634.48,0.0,0.0,l
2019,GO,Água,Água,185377646.0,79429957.5,0.0,1770956.2,0.0,39931332.04,105310781.3,0.0,2747742.8,0.0,33436148.75,2873683.66,l
2019,MA,Água,Água,216825192.0,21816026.76,0.0,813609.6,296.0,21019880.98,25235664.69,0.0,1276067.64,2761.0,66656662.0,2708702.5,l
2019,MG,Água,Água,328058126.2,205769883.98,443696.0,4221517.02,5133095.0,47624093.57,156589983.92,453054.2,5699118.19,2336501.91,2740524.99,87489.71,l
2019,MS,Água,Água,33070400.0,9424288.42,0.0,415095.2,993455.0,6195618.5,13145974.3,0.0,649440.17,827109.65,16494765.9,710985.53,l
2019,MT,Água,Água,336196990.81,54522274.58,0.0,3970635.06,0.0,48324306.27,57058313.95,0.0,3845234.95,0.0,7568481.6,988303.6,l
2019,PA,Água,Água,196864457.75,27813736.45,0.0,2583805.6,0.0,23339339.17,17932340.82,0.0,1278313.88,0.0,637987677.98,61870624.47,l
2019,PB,Água,Água,228851065.0,93184727.8,0.0,4373747.0,0.0,15410876.74,45682629.17,0.0,4884884.25,0.0,124866150.0,72712103.62,l
2019,PE,Água,Água,1208880281.8,78239048.98,117936.0,1761144.18,0.0,117721055.01,64535143.99,104952.0,1343573.8,0.0,405719364.0,3582931.28,l
2019,PI,Água,Água,24988225.2,767762.0,0.0,0.0,0.0,3081316.63,720628.0,0.0,0.0,0.0,0.0,0.0,l
2019,PR,Água,Água,143843547.83,75452928.79,2784.0,5306361.4,0.0,32291171.31,79800913.83,5905.52,6048030.54,0.0,40015506.31,3692765.65,l
2019,RJ,Água,Água,305304492.0,117308419.11,0.0,4983180.8,6957.0,34043736.08,166818170.33,0.0,8530102.35,4633.6,0.0,0.0,l
2019,RN,Água,Água,478222442.96,10294668.1,259256.0,1641152.4,0.0,42163503.13,22296502.35,158790.4,2185696.74,0.0,0.0,0.0,l
2019,RO,Água,Água,140533957.3,16409990.0,0.0,871232.92,2025092.0,19450769.03,18749491.82,0.0,1136162.53,1025638.7,393513.03,136391.78,l
2019,RR,Água,Água,4335428.0,2967869.84,0.0,43476.72,0.0,1311586.92,4170553.23,0.0,79186.6,0.0,0.0,0.0,l
2019,RS,Água,Água,117689115.12,201034167.45,0.0,3201829.69,388431.0,35136615.3,257707166.67,0.0,5023831.04,70988.48,144.0,300.0,l
2019,SC,Água,Água,221866628.26,80369226.5,145770.0,2286672.25,574516.0,45718664.34,80160933.54,176933.08,3165920.26,214825.0,4917081.75,2365944.46,l
2019,SE,Água,Água,225162325.0,15891820.04,0.0,2492035.2,0.0,31412319.0,15013801.38,0.0,2958039.62,0.0,3303213.91,4696377.99,l
2019,SP,Água,Água,788296486.72,932299343.22,8822455.24,24642568.62,12658133.27,159143155.64,1063107274.95,28825298.23,36821097.94,9011430.0,72424330.86,65965197.31,l
2019,TO,Água,Água,27488153.2,2977682.4,0.0,326928.0,0.0,3456398.84,2571070.16,0.0,364406.77,0.0,0.0,0.0,l
2020,AC,Água,Água,29513968.5,1123419.9,0.0,7152.0,0.0,3586111.92,887030.7,0.0,8195.0,0.0,0.0,0.0,l
2020,AL,Água,Água,176133937.2,88574232.84,0.0,469224.2,0.0,12002464.7,125715910.39,0.0,409458.22,0.0,0.0,0.0,l
2020,AM,Água,Água,253259034.7,36133244.14,0.0,1257826.42,0.0,26355288.6,33294506.16,0.0,1553841.9,0.0,33209685.89,2880166.83,l
2020,AP,Água,Água,42044645.0,1314602.61,0.0,18878.8,0.0,3118692.34,2042024.68,0.0,32787.6,0.0,0.0,0.0,l
2020,BA,Água,Água,713913380.6,188918112.07,0.0,4373754.8,468363.0,57844594.16,126163252.49,0.0,3275125.75,284369.81,2495937455.97,70899629.16,l
2020,CE,Água,Água,594874748.98,56143703.24,0.0,71818061.4,0.0,97186250.94,50116170.8,0.0,1164295.16,0.0,69276696.44,79073245.07,l
2020,DF,Água,Água,54381560.85,16236111.48,0.0,465357.28,0.0,5940590.43,2757828.59,0.0,122276.64,0.0,0.0,0.0,l
2020,ES,Água,Água,67232362.57,21489394.52,126568.8,394069.4,0.0,8319990.38,23179419.05,683556.1,598320.47,0.0,0.0,0.0,l
2020,GO,Água,Água,178156405.29,89828117.9,0.0,741668.8,16769940.0,36941965.46,116968731.99,0.0,1540798.48,2854011.04,33054003.0,2010989.0,l
2020,MA,Água,Água,221056583.61,19373074.32,0.0,567618.8,0.0,22447896.54,21782005.63,0.0,927597.36,0.0,56516250.39,2970457.08,l
2020,MG,Água,Água,355330574.4,232887589.81,304079.4,2244021.44,5208750.0,52253396.64,227730655.56,735472.65,3006718.85,3285651.11,576843.92,89858.97,l
2020,MS,Água,Água,34950490.0,8684532.7,0.0,340109.6,1031580.0,7661037.63,13033526.18,0.0,474235.18,847415.31,17903046.01,495558.53,l
2020,MT,Água,Água,453956441.36,52496348.52,0.0,2478248.56,1132.0,67500386.87,60469315.69,0.0,2740890.09,56.6,14953141.6,2108974.56,l
2020,PA,Água,Água,251910531.07,26866559.53,0.0,2953656.64,0.0,20811240.21,19653600.85,0.0,2026829.57,0.0,564531000.0,2389182.11,l
2020,PB,Água,Água,250331853.0,44086690.58,0.0,2609791.26,0.0,19604775.27,92052503.61,0.0,4060233.65,0.0,144809949.0,168306810.2,l
2020,PE,Água,Água,1145810249.08,87614106.76,59054.0,970214.11,0.0,100390832.13,65665613.35,70981.82,1063216.42,0.0,639859015.98,59719362.53,l
2020,PI,Água,Água,24967180.01,450823.99,0.0,87523.01,0.0,2941490.75,432603.24,0.0,144949.01,0.0,0.0,0.0,l
2020,PR,Água,Água,154598668.99,104850841.32,0.0,3810013.84,0.0,39869490.58,112339187.09,0.0,4936941.28,0.0,42958059.49,3066051.87,l
2020,RJ,Água,Água,456113615.68,196747431.61,0.0,4519961.79,338300.0,49977483.13,221027700.27,0.0,6276727.63,10151.0,0.0,0.0,l
2020,RN,Água,Água,503010221.73,14649719.8,129034.0,1095119.0,0.0,43938500.65,23976933.13,143370.88,546099.69,0.0,0.0,0.0,l
2020,RO,Água,Água,157453087.64,13532562.12,0.0,588114.2,1073957.0,45470015.78,20126993.69,0.0,745129.84,2099080.63,1549518.0,820738.22,l
2020,RR,Água,Água,4165830.0,2916473.8,0.0,31020.8,0.0,996736.66,3463047.86,0.0,17234.0,0.0,0.0,0.0,l
2020,RS,Água,Água,178832988.2,144698302.84,39.3,1311223.0,11620.0,151497255.36,141195255.21,326.37,2340842.93,3260.86,0.0,0.0,l
2020,SC,Água,Água,266860113.2,94618665.66,154038.0,1183957.2,1474060.12,56135599.82,91931181.43,216620.18,1705547.61,624813.09,2697213.0,2607398.55,l
2020,SE,Água,Água,194129950.0,15697677.84,0.0,1519052.4,0.0,31085811.22,13442449.13,0.0,1766016.44,0.0,7143896.68,9836363.55,l
2020,SP,Água,Água,904998218.16,946907874.46,10990905.4,21988620.2,10808065.93,196715006.07,947091986.68,22738244.79,19237883.83,9678945.84,71041509.96,64117902.68,l
2020,TO,Água,Água,38382180.0,2880160.6,0.0,269356.6,0.0,3763585.54,2479604.18,0.0,303106.9,0.0,0.0,0.0,l
2021,AC,Água,Água,44121243.0,2341044.0,0.0,69513.6,0.0,12012790.96,1376175.92,0.0,44204.0,0.0,0.0,0.0,l
2021,AL,Água,Água,230865199.8,97516374.15,0.0,448937.0,0.0,15835229.8,141147301.23,0.0,207044.83,0.0,0.0,0.0,l
2021,AM,Água,Água,279658618.24,37692795.36,0.0,1207677.53,0.0,32696696.54,37941035.73,0.0,1631768.94,0.0,34290301.8,6251047.33,l
2021,AP,Água,Água,39856457.12,1195347.98,0.0,48376.4,0.0,3290630.45,1608676.85,0.0,84526.41,0.0,0.0,0.0,l
2021,BA,Água,Água,854845342.06,153693787.33,0.0,5366931.22,622950.0,67022625.57,162401594.89,0.0,4183576.17,498880.1,201471395.29,81388459.48,l
2021,CE,Água,Água,605662006.24,77165815.68,0.0,1023191.33,0.0,103367870.66,41857866.09,0.0,1814113.83,0.0,76445132.89,106240542.45,l
2021,DF,Água,Água,26503282.16,8061857.08,0.0,449353.12,0.0,6632218.81,9192410.03,0.0,450712.62,0.0,0.0,0.0,l
2021,ES,Água,Água,93556788.76,23016619.4,215805.6,683817.6,0.0,10467253.89,29533739.49,1645712.24,1242829.16,0.0,0.0,0.0,l
2021,GO,Água,Água,168908242.84,94562873.4,0.0,939436.7,201345.0,40067094.56,104514665.07,0.0,2049267.57,187086.45,33054003.0,2010989.0,l
2021,MA,Água,Água,230264202.0,14032384.12,0.0,508416.0,30612.0,22210369.67,12043728.91,0.0,911319.3,19395.75,22877000.0,4091729.5,l
2021,MG,Água,Água,398491460.58,267074588.75,272183.6,2894655.68,4659849.0,65331982.06,251678657.83,789685.55,4853678.92,2812221.32,618424.11,94532.73,l
2021,MS,Água,Água,36483168.0,10765693.04,0.0,432226.4,1115459.0,8375874.73,17329426.69,0.0,768917.87,1022812.52,15688977.22,445443.88,l
2021,MT,Água,Água,603831811.44,57809017.84,11691.0,3339108.05,0.0,78523404.84,79952854.7,12360.62,4281788.64,0.0,0.0,0.0,l
2021,PA,Água,Água,448359779.82,30144990.28,0.0,1998722.1,443565.0,40532271.62,22145229.34,0.0,1300203.44,127582.73,357210000.0,1616239.43,l
2021,PB,Água,Água,241856600.0,49591202.07,0.0,3334134.2,0.0,19353097.93,47971399.77,0.0,3644983.44,0.0,127102796.92,159427463.47,l
2021,PE,Água,Água,1158625938.99,87164109.57,70537.0,925730.64,0.0,101014844.08,65117449.07,165319.4,1564191.78,0.0,766277476.0,1042268.04,l
2021,PI,Água,Água,21326484.8,1688777.28,0.0,60155.29,0.0,2703511.63,1817013.85,0.0,8595.84,0.0,0.0,0.0,l
2021,PR,Água,Água,163083156.8,131171381.27,0.0,4817462.81,1600000.0,43766561.85,143281537.8,0.0,6350434.03,22400.0,50779714.91,4305829.62,l
2021,RJ,Água,Água,491251967.3,169043048.41,0.0,5415333.0,498050.0,59918132.99,194300335.62,0.0,8809843.71,14941.5,0.0,0.0,l
2021,RN,Água,Água,430547582.21,26824571.48,141218.0,1267980.54,0.0,38256954.29,34688858.3,156910.24,1374405.84,0.0,0.0,0.0,l
2021,RO,Água,Água,159551543.0,17988456.7,0.0,637634.0,0.0,30971988.4,23073657.26,0.0,812142.15,0.0,946113.0,1953205.1,l
2021,RR,Água,Água,4509260.0,4489108.98,0.0,44121.4,0.0,1187477.81,6516897.83,0.0,43620.58,0.0,0.0,0.0,l
2021,RS,Água,Água,160343588.05,204055780.29,565.49,2121061.81,1596570.0,69193159.28,278898632.04,4062.73,4886857.62,805393.1,69536177.08,1777682.03,l
2021,SC,Água,Água,270806499.8,113787544.29,311568.0,2068490.8,161485.92,59743539.11,119108366.16,422434.34,3431933.79,124179.66,236380096.44,5211751.83,l
2021,SE,Água,Água,219379083.32,19713363.11,0.0,1589907.16,0.0,31925898.16,17068677.54,0.0,1905129.46,0.0,7143896.68,9836363.55,l
2021,SP,Água,Água,2113846784.46,900726574.84,7684560.33,16784241.43,64297350.54,303066798.07,1006845635.35,25513671.3,27790501.75,23823545.63,21537296.24,23728174.07,l
2021,TO,Água,Água,25656760.0,3211202.0,0.0,303970.65,0.0,4476952.33,2736944.72,0.0,366379.06,0.0,0.0,0.0,l
2022,AC,Água,Água,51890781.0,2023108.0,0.0,70800.0,0.0,5955217.0,1096992.62,0.0,40562.5,0.0,0.0,0.0,l
2022,AL,Água,Água,327723601.0,144101408.29,0.0,979022.84,0.0,134290642.54,142232284.14,0.0,567726.87,0.0,0.0,0.0,l
2022,AM,Água,Água,287809171.6,46727937.95,0.0,1739743.2,0.0,41991910.77,48270521.35,0.0,2203351.24,0.0,58198873.0,30670946.26,l
2022,AP,Água,Água,40060255.52,1443146.56,0.0,72726.18,0.0,5153824.68,2947460.31,0.0,154586.28,0.0,0.0,0.0,l
2022,BA,Água,Água,756252007.57,204370908.72,0.0,4094398.22,811480.0,65511119.1,193615886.57,0.0,2595644.88,660459.84,217097005.56,98756188.34,l
2022,CE,Água,Água,568334905.74,63457878.25,0.0,1231524.8,0.0,114448377.2,88342790.19,0.0,2756818.81,0.0,69685924.14,123591279.93,l
2022,DF,Água,Água,20595259.34,2385430.46,0.0,286563.74,0.0,4872466.19,2270827.43,0.0,213075.16,0.0,0.0,0.0,l
2022,ES,Água,Água,90056008.99,27817414.33,332229.6,914908.86,0.0,12247944.45,43114279.12,3008598.88,2166623.5,0.0,0.0,0.0,l
2022,GO,Água,Água,178057228.0,94771370.16,0.0,1502524.4,225600.0,44641941.93,92360455.22,0.0,3005542.26,225545.0,70314465.5,1977973.25,l
2022,MA,Água,Água,1422619799.4,21594549.84,0.0,785693.4,0.0,26202059.08,27400296.51,0.0,1838576.59,0.0,27870785.57,4984906.92,l
2022,MG,Água,Água,423974194.45,267130805.34,514783.0,3869711.13,4230989.0,70694277.04,336542019.04,1599111.24,8227735.22,3033375.93,691707.13,103426.85,l
2022,MS,Água,Água,38737145.0,14117245.54,0.0,889445.1,1346316.0,9960603.61,26045725.47,0.0,1894739.8,1502441.52,13930824.32,579795.74,l
2022,MT,Água,Água,461621534.79,69896451.36,0.0,4475255.29,0.0,86276768.44,115106213.12,0.0,7238876.7,0.0,0.0,0.0,l
2022,PA,Água,Água,401801324.39,22772933.6,0.0,1541912.02,0.0,36310736.89,17510828.44,0.0,1502636.76,0.0,268528000.0,1423738.36,l
2022,PB,Água,Água,245824201.0,68902804.54,0.0,4250320.76,7675.0,20692060.63,76913891.45,0.0,5491541.44,5272.5,117967404.0,172940034.29,l
2022,PE,Água,Água,1228091723.84,75035267.15,112082.4,965955.17,105.0,110409435.44,64240135.79,467010.0,1813923.64,3100.0,540502000.0,868001.54,l
2022,PI,Água,Água,28756137.0,319671.0,0.0,7795.2,0.0,4091761.21,324883.75,0.0,16240.0,0.0,0.0,0.0,l
2022,PR,Água,Água,155939262.02,128198349.15,0.0,5940302.66,4676000.0,47764799.6,173578911.77,0.0,15684832.81,70140.0,52138282.64,4344912.01,l
2022,RJ,Água,Água,468459043.64,193121803.26,0.0,9552796.17,9032757.0,72805912.43,231116945.2,0.0,11789649.22,270082.71,0.0,0.0,l
2022,RN,Água,Água,431096422.78,34924704.2,148652.0,1646177.2,0.0,42658199.73,45145553.42,165170.86,2106411.69,0.0,300000.0,1500000.0,l
2022,RO,Água,Água,126301260.0,18234864.57,0.0,639380.56,0.0,29598421.19,26415223.87,0.0,1179253.36,0.0,671679.75,1850040.94,l
2022,RR,Água,Água,5705548.4,5077345.59,0.0,53500.8,0.0,1535158.86,6832567.67,0.0,126707.0,0.0,0.0,0.0,l
2022,RS,Água,Água,195153991.15,263141528.28,87.6,2713352.6,0.0,82152903.02,390492928.7,1103.28,6456044.15,0.0,79499877.97,4775087.61,l
2022,SC,Água,Água,307878910.25,138925057.64,396504.0,3006875.7,140445.1,76485288.48,168086797.75,602256.53,5544807.55,97473.07,248829000.0,2035559.0,l
2022,SE,Água,Água,229952721.0,30155571.84,0.0,2941443.28,95057.0,32022000.73,32078772.0,0.0,4169475.17,117753.7,0.0,0.0,l
2022,SP,Água,Água,2036557673.98,1313159813.54,10109999.73,22326348.45,7735449.05,355049740.39,1373704485.67,38675478.07,40588249.63,19269036.25,22117974.97,33261489.12,l
2022,TO,Água,Água,44868600.0,5154224.56,0.0,682742.2,0.0,6584913.92,4418101.69,0.0,1051547.76,0.0,0.0,0.0,l
2023,AC,Água,Água,38615027.0,2535733.0,0.0,84259.2,0.0,5027122.65,2253950.1,0.0,78352.35,0.0,0.0,0.0,l
2023,AL,Água,Água,303170209.0,104908329.94,0.0,570738.2,0.0,35858178.88,181358105.53,0.0,870144.68,0.0,0.0,0.0,l
2023,AM,Água,Água,285283860.0,53180762.21,0.0,1215875.2,0.0,36564072.94,53209627.4,0.0,2003441.08,0.0,55337674.8,8200403.91,l
2023,AP,Água,Água,51755710.96,1250913.83,0.0,28950.2,0.0,6899167.6,3498753.88,0.0,158045.68,0.0,0.0,0.0,l
2023,BA,Água,Água,900307806.0,311196065.8,0.0,6212123.53,840250.0,71925409.37,314603247.22,0.0,6960548.41,742310.43,119933625.52,111176472.92,l
2023,CE,Água,Água,616312196.09,64332907.05,0.0,1321407.4,0.0,133939722.53,103277113.41,0.0,3087685.29,0.0,73109236.39,131234453.44,l
2023,DF,Água,Água,52699055.68,24363614.87,0.0,1012025.71,23395.0,6987862.49,32485687.69,0.0,1542058.8,23395.0,0.0,0.0,l
2023,ES,Água,Água,146201050.0,35566135.22,379677.6,1118640.0,15993180.0,17412487.64,57409928.62,3297835.51,2652924.79,319863.6,0.0,0.0,l
2023,GO,Água,Água,140182000.6,108900992.38,0.0,985747.5,159526.0,30725480.16,115186895.06,0.0,1933614.29,156540.0,57508000.0,3061103.11,l
2023,MA,Água,Água,244340752.0,29852644.48,0.0,839020.0,0.0,26687848.24,41435966.53,0.0,2242638.3,0.0,9445837.92,5478586.0,l
2023,MG,Água,Água,490348845.21,233714569.32,651176.2,6024901.74,9061190.0,86432941.09,265608796.91,2372164.7,12037273.75,3046515.25,2891573.49,109741.13,l
2023,MS,Água,Água,44918839.0,21144427.74,0.0,1762101.8,1616185.0,12115625.15,33774008.97,0.0,4361284.23,1915179.81,16385143.03,646410.8,l
2023,MT,Água,Água,523202013.12,82651981.54,0.0,4789965.27,180380.0,94635110.36,143340961.01,0.0,8511264.88,188642.03,0.0,0.0,l
2023,PA,Água,Água,374940876.75,33630011.68,0.0,3246614.0,679150.0,40925599.28,23283577.68,0.0,2457277.69,197972.31,234200000.0,2873313.0,l
2023,PB,Água,Água,280107809.14,69718331.22,0.0,3057768.26,7675.0,20741894.06,88284147.38,0.0,4594924.15,5272.5,115028410.24,179743699.81,l
2023,PE,Água,Água,1183137535.14,99183776.24,163137.6,1274499.61,0.0,149291208.94,80744021.96,240174.8,2121069.85,0.0,253987000.0,927847.95,l
2023,PI,Água,Água,43631540.0,419579.57,0.0,0.0,0.0,6317254.02,480129.19,0.0,0.0,0.0,0.0,0.0,l
2023,PR,Água,Água,163299544.87,148478874.63,0.0,6298940.44,176000.0,60187161.17,212866103.01,0.0,12960313.02,0.01,60614438.0,4248474.62,l
2023,RJ,Água,Água,554766208.2,252252242.54,0.0,10122270.16,15018244.0,66905270.21,277114573.94,0.0,10376147.1,632281.98,0.0,0.0,l
2023,RN,Água,Água,481563723.13,45101233.0,148163.0,1392968.0,0.0,49391370.08,59468467.63,164625.8,2257711.67,0.0,0.0,0.0,l
2023,RO,Água,Água,160261450.0,20803786.62,0.0,600350.4,0.0,37769098.58,35694093.1,0.0,1449258.32,0.0,0.0,0.0,l
2023,RR,Água,Água,5158373.0,21115999.76,0.0,270348.0,0.0,1423354.58,8636507.88,0.0,215126.27,0.0,0.0,0.0,l
2023,RS,Água,Água,227470953.39,335661284.46,216.0,3131755.2,0.0,96486237.2,518906566.25,2685.12,7381821.52,0.0,79486630.64,29410.04,l
2023,SC,Água,Água,365331518.23,164083638.82,451455.0,3596336.4,132610.0,92276403.63,212867865.21,816228.9,6998248.47,45229.86,276560000.0,2224228.9,l
2023,SE,Água,Água,296731069.0,32412434.4,0.0,2958121.61,147375.36,186246196.3,36410366.98,0.0,4520810.76,197351.09,8413566.27,2402712.16,l
2023,SP,Água,Água,2280906592.33,1252512307.96,12450667.78,20901420.15,56894819.19,433713853.32,1689757918.79,52752974.64,43941538.5,54867798.54,18998555.22,16566799.93,l
2023,TO,Água,Água,48153002.82,5773267.5,0.0,530437.6,0.0,45244483.12,5955505.37,0.0,833280.0,0.0,0.0,0.0,l
2024,AC,Água,Água,43604872.0,4742401.0,0.0,56582.4,0.0,6365637.33,2458553.67,0.0,48320.0,0.0,0.0,0.0,l
2024,AL,Água,Água,308359630.0,111864297.62,0.0,470216.46,0.0,28456609.04,193515962.31,0.0,1015894.07,0.0,0.0,0.0,l
2024,AM,Água,Água,295999622.48,68240689.85,0.0,1649823.6,0.0,41369093.96,66569274.51,0.0,3148152.57,0.0,42159030.05,7655545.5,l
2024,AP,Água,Água,79160358.47,1719750.18,0.0,8365.77,0.0,6059985.21,4073630.43,0.0,123395.18,0.0,0.0,0.0,l
2024,BA,Água,Água,896130010.8,319936155.49,0.0,6618159.6,1033310.0,84700897.53,351857839.22,0.0,8747511.23,932255.22,74038166.08,100243957.16,l
2024,CE,Água,Água,658365897.67,75004979.12,0.0,1400525.57,132624.0,180976191.34,128094521.71,0.0,3559299.46,169275.53,81294656.94,150515302.46,l
2024,DF,Água,Água,49481314.38,20036883.39,0.0,1219365.66,0.0,7082507.02,32043488.7,0.0,2241978.02,0.0,22443301.28,2223025.54,l
2024,ES,Água,Água,162621070.0,41878793.42,389538.0,1046123.0,31310820.0,22792445.57,73545288.34,3498468.78,2600593.84,626216.4,0.0,0.0,l
2024,GO,Água,Água,189944616.13,125019484.4,0.0,1743929.4,62022.0,50650268.45,142814232.6,0.0,3948493.64,326811.5,54990622.1,2864557.4,l
2024,MA,Água,Água,231862626.0,27662941.16,0.0,967967.6,0.0,27922976.57,37762345.92,0.0,2515889.98,0.0,0.0,0.0,l
2024,MG,Água,Água,606719986.45,233999380.78,9849171.79,4285872.2,5706047.4,106353925.7,353440635.35,5046128.21,10156510.92,6951610.38,5581319.75,847398.36,l
2024,MS,Água,Água,47270037.0,25626902.98,0.0,1741124.8,1911765.0,14034106.91,47540452.07,0.0,4533349.24,2293873.01,18650512.67,883805.64,l
2024,MT,Água,Água,501718898.29,86595651.21,0.0,5292827.34,0.0,110435237.88,164702782.52,0.0,11303601.45,0.0,0.0,0.0,l
2024,PA,Água,Água,372260713.28,47561572.35,0.0,2296964.54,0.0,40585874.58,48311484.61,0.0,6635231.76,0.0,0.0,0.0,l
2024,PB,Água,Água,287759439.78,61650420.64,76467.6,2642746.33,86496.72,23017655.73,71138673.45,144825.0,4310361.71,267978.83,120774681.0,191454032.79,l
2024,PE,Água,Água,1382842908.38,116002060.86,279498.6,2146150.51,0.0,197425482.55,95759058.62,900108.61,3524555.44,0.0,61643260.96,4931460.89,l
2024,PI,Água,Água,51805085.4,9606030.34,0.0,397676.8,89120.0,12809106.53,23650175.03,0.0,1705495.57,112954.56,0.0,0.0,l
2024,PR,Água,Água,189194712.4,193466626.4,0.0,6649130.91,0.0,58416747.24,282410563.31,0.0,13327186.59,0.0,98423115.2,10868278.38,l
2024,RJ,Água,Água,581136948.0,519976598.35,0.0,14382071.2,12741544.0,75050906.39,183825841.54,0.0,12691862.12,437776.78,0.0,0.0,l
2024,RN,Água,Água,519203776.71,62657223.21,160346.45,1511934.15,0.0,50708542.84,88135998.6,178162.7,4312165.09,0.0,0.0,0.0,l
2024,RO,Água,Água,193608582.0,24796321.41,0.0,911006.4,0.0,39374399.74,46358468.16,0.0,2106153.88,0.0,0.0,0.0,l
2024,RR,Água,Água,11834460.0,6047449.46,0.0,263300.0,0.0,3384245.26,10760095.74,0.0,642377.34,0.0,0.0,0.0,l
2024,RS,Água,Água,267079759.84,442741849.43,36.0,2853057.24,208076.4,117059691.89,649807082.27,480.0,5402855.35,1127305.67,5960224754.23,5909207.57,l
2024,SC,Água,Água,381638724.81,208666901.47,508860.0,4180350.4,0.0,105546432.7,275166740.84,1004897.5,8818141.97,0.0,244379000.0,2114110.7,l
2024,SE,Água,Água,333407930.0,42890101.72,0.0,2908658.24,26760.0,58083296.07,47819157.1,0.0,5028840.39,4549.2,9160727.61,2871522.88,l
2024,SP,Água,Água,2240557952.01,4079971282.77,23388192.61,21636476.32,22840812.88,440820135.53,2035076670.64,98963659.89,50165043.39,73555659.7,45949897.97,332085449.39,l
2024,TO,Água,Água,60347623.85,7824872.29,0.0,790933.6,17975.89,10066020.8,9892822.43,0.0,1348217.72,19563.0,0.0,0.0,l
